{"stats":{"minecraft:killed_by":{"minecraft:creeper":1,"divinerpg:king_crab":1,"minecraft:cave_spider":1},"minecraft:used":{"better_weaponry:copper_scythe":65,"minecraft:moss_carpet":3,"minecraft:iron_sword":228,"duneons:dungeonscharreddirt":5,"better_weaponry:copper_claymore":172,"minecraft:torch":100,"minecraft:dirt":4,"divine_weaponry:wooden_sickle":32,"alexsmobs:maggot":4,"minecraft:lantern":9,"jeg:healing_talisman":5,"minecraft:cooked_beef":7,"minecraft:cobbled_deepslate":6,"minecraft:pumpkin":1,"duneons:leaveswindswept":1,"better_weaponry:iron_katana":7,"minecraft:stone_pickaxe":26,"quark:hollow_birch_log":3,"minecraft:wooden_pickaxe":19,"minecraft:blue_bed":1,"minecraft:crafting_table":5,"minecraft:bread":1,"minecraft:string":2,"minecraft:iron_pickaxe":77,"minecraft:gravel":1,"minecraft:stone_axe":39,"mmorpg:weapon/staff/wood":4,"duneons:minecartgift":4,"better_weaponry:copper_katana":26,"minecraft:cobblestone":1,"travelersbackpack:standard":1,"minecraft:cooked_porkchop":2,"duneons:popflower":2,"minecraft:andesite":3,"duneons:highlandfern":4},"minecraft:picked_up":{"minecraft:charcoal":4,"minecraft:crafting_table":2,"minecraft:wooden_pickaxe":2,"mmorpg:jewelry/ring/iron":1,"minecraft:string":11,"minecraft:moss_carpet":5,"minecraft:raw_copper":93,"minecraft:iron_leggings":1,"better_weaponry:copper_shovel":1,"minecraft:cobbled_deepslate":61,"minecraft:beef":9,"better_weaponry:stone_broadsword":2,"minecraft:sugar_cane":21,"minecraft:birch_sapling":1,"duneons:popflower":4,"minecraft:iron_boots":3,"minecraft:stick":4,"mmorpg:material/mining/0":9,"minecraft:raw_iron":4,"minecraft:torch":28,"divinerpg:terran_shards":4,"minecraft:porkchop":8,"divine_weaponry:wooden_sickle":2,"minecraft:carrot":1,"minecraft:redstone":13,"jeg:healing_talisman":5,"minecraft:arrow":3,"minecraft:rotten_flesh":18,"minecraft:cobblestone":13,"duneons:dungeonscharreddirt":5,"minecraft:cooked_beef":10,"minecraft:andesite":3,"minecraft:leather":8,"minecraft:flint":2,"minecraft:tuff":1,"jeg:scrap":4,"minecraft:lapis_lazuli":13,"minecraft:blue_bed":2,"minecraft:dirt":4,"minecraft:lantern":2,"minecraft:bone":2,"minecraft:bow":5,"minecraft:wheat_seeds":3,"alexsmobs:cockroach_wing_fragment":1,"minecraft:spore_blossom":2,"minecraft:iron_ingot":8,"duneons:mountaineeraxeiron":2,"weaponmaster:tutorialbook":3,"minecraft:moss_block":5,"minecraft:iron_sword":1,"minecraft:flowering_azalea":1,"divinerpg:realmite_ingot":1,"minecraft:cooked_porkchop":6,"minecraft:pumpkin":2,"minecraft:sweet_berries":43,"divinerpg:cyclops_eye_shards":1,"minecraft:gravel":3,"duneons:highlandfern":7,"minecraft:sand":2,"mmorpg:rare_mats/mining/medium":2,"minecraft:spruce_sapling":2,"mmorpg:weapon/staff/wood":5,"minecraft:spruce_log":42,"duneons:leaveswindswept":1,"minecraft:spider_eye":5,"alexsmobs:animal_dictionary":3,"travelersbackpack:standard":1,"mmorpg:rare_mats/mining/greater":1,"minecraft:diamond":1,"mmorpg:gems/ruby/0":1,"duneons:minecartgift":4,"minecraft:iron_helmet":2,"minecraft:granite":4,"quark:hollow_birch_log":3,"minecraft:bread":16,"alexsmobs:maggot":4,"duneons:keygold":1,"minecraft:coal":49,"iceandfire:raw_silver":3},"minecraft:killed":{"alexsmobs:lobster":3,"minecraft:cave_spider":6,"divinerpg:cyclops":1,"divinerpg:cave_crawler":1,"minecraft:spider":5,"duneons:wraith":3,"minecraft:skeleton":2,"divinerpg:kobblin":1,"jeg:ghoul":2,"minecraft:pig":5,"divinerpg:pumpkin_spider":2,"duneons:mountaineer":3,"alexsmobs:cockroach":1,"minecraft:zombie":14,"alexsmobs:fly":1,"minecraft:cow":4},"minecraft:dropped":{"minecraft:iron_ingot":6,"minecraft:moss_block":5,"minecraft:wheat_seeds":3,"divinerpg:cyclops_eye_shards":1,"minecraft:cooked_beef":4,"minecraft:diamond":1,"minecraft:spore_blossom":2,"better_weaponry:wooden_shield":3,"weaponmaster:tutorialbook":4,"minecraft:cooked_porkchop":1,"minecraft:granite":4,"mmorpg:weapon/staff/wood":1,"minecraft:stick":1,"duneons:mountaineeraxeiron":2,"minecraft:flowering_azalea":1,"minecraft:sand":2,"mmorpg:rare_mats/mining/medium":1,"minecraft:string":2,"minecraft:spruce_sapling":2,"duneons:popflower":2,"minecraft:gravel":2,"minecraft:moss_carpet":2,"minecraft:sweet_berries":43,"minecraft:iron_nugget":4,"alexsmobs:animal_dictionary":4,"minecraft:tuff":1,"minecraft:birch_sapling":1,"better_weaponry:stone_broadsword":2,"minecraft:raw_iron":1,"minecraft:rotten_flesh":17,"duneons:highlandfern":3,"minecraft:iron_boots":1,"better_weaponry:emerald_shield":1,"mmorpg:material/mining/0":3,"alexsmobs:cockroach_wing_fragment":1,"minecraft:spruce_log":1,"duneons:minecartgift":1,"minecraft:bow":2,"minecraft:stone_pickaxe":1,"minecraft:wooden_pickaxe":3,"divine_weaponry:wooden_sickle":3},"minecraft:mined":{"iceandfire:silver_ore":3,"duneons:bigferncreeperwoods":1,"minecraft:cave_vines_plant":1,"minecraft:grass_block":4,"duneons:highlandtallgrass":14,"minecraft:spruce_leaves":9,"minecraft:large_fern":6,"quark:hollow_birch_log":3,"minecraft:andesite":3,"minecraft:vine":1,"minecraft:cave_vines":1,"minecraft:deepslate_iron_ore":2,"minecraft:lantern":2,"minecraft:stone":13,"minecraft:deepslate_redstone_ore":3,"jeg:scrap_ore":2,"minecraft:crafting_table":2,"minecraft:torch":2,"minecraft:campfire":2,"minecraft:tall_grass":1,"minecraft:copper_ore":19,"minecraft:lapis_ore":3,"duneons:smalltallgrasscreeperwoods":1,"minecraft:sugar_cane":9,"minecraft:blue_bed":1,"minecraft:wall_torch":10,"minecraft:deepslate_copper_ore":8,"duneons:popflower":2,"duneons:leaveswindswept":1,"minecraft:sweet_berry_bush":19,"minecraft:spruce_log":42,"minecraft:birch_leaves":11,"duneons:creeperwoodstallgrass":16,"minecraft:grass":10,"minecraft:coal_ore":47,"minecraft:sand":1,"minecraft:gravel":4,"minecraft:oak_leaves":15,"minecraft:deepslate":15,"minecraft:fern":4},"minecraft:custom":{"minecraft:blood":0,"minecraft:mob_kills":55,"minecraft:dexterity":10,"minecraft:interact_with_crafting_table":20,"minecraft:interact_with_campfire":8,"minecraft:leave_game":13,"minecraft:time_since_death":39360,"minecraft:climb_one_cm":1076,"minecraft:mana":250,"minecraft:magic_shield":0,"minecraft:sprint_one_cm":256030,"minecraft:walk_one_cm":457032,"minecraft:drop":97,"minecraft:health":266,"minecraft:talked_to_villager":2,"minecraft:play_time":170888,"minecraft:deaths":4,"minecraft:sneak_time":2480,"minecraft:walk_under_water_one_cm":2833,"minecraft:jump":2048,"minecraft:energy":237,"minecraft:walk_on_water_one_cm":24184,"minecraft:total_world_time":170888,"minecraft:interact_with_furnace":18,"minecraft:intelligence":11,"minecraft:move_speed":0,"minecraft:interact_with_grindstone":1,"minecraft:sleep_in_bed":6,"minecraft:levels_gained":7,"minecraft:time_since_rest":4770,"minecraft:damage_taken":5484,"minecraft:damage_absorbed":4216,"minecraft:damage_dealt":8220,"minecraft:fly_one_cm":252891,"minecraft:swim_one_cm":4474,"minecraft:open_chest":5,"minecraft:crouch_one_cm":8111,"minecraft:strength":21,"minecraft:fall_one_cm":58334},"minecraft:crafted":{"better_weaponry:copper_scythe":1,"better_weaponry:emerald_shield":2,"better_weaponry:wooden_shield":3,"minecraft:stone_pickaxe":1,"divine_weaponry:wooden_sickle":1,"minecraft:cooked_beef":5,"minecraft:crafting_table":4,"minecraft:spruce_planks":164,"minecraft:wooden_pickaxe":1,"minecraft:copper_ingot":12,"better_weaponry:copper_claymore":1,"minecraft:stone_axe":1,"minecraft:air":0,"better_weaponry:copper_katana":1,"better_weaponry:iron_katana":1,"minecraft:stick":32,"minecraft:iron_pickaxe":1,"minecraft:iron_ingot":3,"minecraft:torch":72}},"DataVersion":3465}