{"stats":{"minecraft:killed":{"alexsmobs:lobster":9,"minecraft:cave_spider":2,"minecraft:witch":1,"minecraft:spider":1,"minecraft:skeleton":6,"jeg:ghoul":2,"minecraft:pig":2,"duneons:mountaineer":1,"minecraft:sheep":1,"divinerpg:miner":1,"minecraft:zombie":5,"alexsmobs:cockroach":1,"alexsmobs:fly":2,"minecraft:cow":4},"minecraft:crafted":{"minecraft:furnace":1,"better_weaponry:stone_broadsword":1,"quark:deepslate_furnace":1,"minecraft:glass":23,"travelersbackpack:white_sleeping_bag":1,"better_weaponry:copper_shovel":1,"better_weaponry:copper_armor_chestplate":1,"travelersbackpack:light_gray_sleeping_bag":1,"minecraft:stone_pickaxe":1,"quark:spruce_chest":2,"minecraft:crafting_table":2,"minecraft:spruce_planks":44,"travelersbackpack:standard":1,"travelersbackpack:backpack_tank":3,"minecraft:wooden_pickaxe":1,"minecraft:iron_sword":1,"minecraft:copper_ingot":21,"minecraft:bucket":1,"minecraft:stone_axe":1,"minecraft:air":0,"minecraft:charcoal":5,"minecraft:stick":24,"minecraft:iron_ingot":16,"minecraft:iron_pickaxe":1,"minecraft:stone_sword":1,"minecraft:gold_ingot":3,"minecraft:torch":68,"minecraft:shears":1},"minecraft:broken":{"minecraft:iron_sword":1},"minecraft:custom":{"minecraft:blood":0,"minecraft:mob_kills":38,"minecraft:dexterity":9,"minecraft:interact_with_crafting_table":28,"minecraft:interact_with_campfire":11,"minecraft:leave_game":5,"minecraft:time_since_death":23878,"minecraft:climb_one_cm":595,"minecraft:mana":180,"minecraft:magic_shield":5,"minecraft:sprint_one_cm":417003,"minecraft:walk_one_cm":465538,"minecraft:drop":72,"minecraft:health":158,"minecraft:talked_to_villager":6,"minecraft:play_time":164401,"minecraft:deaths":3,"minecraft:sneak_time":2836,"minecraft:walk_under_water_one_cm":7577,"minecraft:jump":1732,"minecraft:energy":180,"minecraft:walk_on_water_one_cm":23864,"minecraft:total_world_time":164401,"minecraft:interact_with_furnace":29,"minecraft:intelligence":9,"minecraft:move_speed":0,"minecraft:sleep_in_bed":4,"minecraft:levels_gained":5,"minecraft:time_since_rest":24975,"minecraft:damage_taken":4329,"minecraft:damage_absorbed":953,"minecraft:damage_dealt":6560,"minecraft:swim_one_cm":4163,"minecraft:fly_one_cm":184031,"minecraft:open_chest":6,"minecraft:crouch_one_cm":8922,"minecraft:strength":9,"minecraft:fall_one_cm":45603},"minecraft:dropped":{"divine_weaponry:wooden_sickle":1,"minecraft:bread":16,"minecraft:iron_ingot":5,"minecraft:iron_sword":2,"minecraft:wheat_seeds":5,"quark:deepslate_furnace":1,"minecraft:diamond":2,"minecraft:spore_blossom":2,"better_weaponry:wooden_shield":1,"weaponmaster:tutorialbook":2,"minecraft:cooked_porkchop":3,"minecraft:iron_helmet":3,"minecraft:leather":1,"minecraft:granite":4,"duneons:dungeonscharreddirt":5,"travelersbackpack:standard":1,"mmorpg:weapon/staff/wood":1,"minecraft:stick":1,"minecraft:diamond_horse_armor":1,"minecraft:torch":16,"mmorpg:rare_mats/mining/medium":1,"minecraft:blue_bed":1,"minecraft:spruce_sapling":3,"minecraft:gravel":12,"alexsmobs:maggot":1,"minecraft:iron_nugget":4,"minecraft:stone_sword":2,"alexsmobs:animal_dictionary":2,"better_weaponry:copper_shovel":1,"duneons:keygold":1,"minecraft:tuff":2,"minecraft:raw_iron":1,"better_weaponry:stone_broadsword":2,"minecraft:rotten_flesh":4,"mmorpg:material/mining/0":6,"divinerpg:terran_shards":2,"minecraft:spruce_planks":1,"minecraft:charcoal":1,"minecraft:iron_chestplate":1,"minecraft:arrow":4,"minecraft:bow":1,"minecraft:stone_pickaxe":1,"minecraft:wooden_pickaxe":3},"minecraft:picked_up":{"minecraft:charcoal":1,"minecraft:crafting_table":2,"minecraft:iron_chestplate":1,"minecraft:wooden_pickaxe":2,"mmorpg:jewelry/ring/iron":1,"minecraft:diamond_horse_armor":1,"minecraft:string":5,"minecraft:raw_copper":11,"minecraft:iron_leggings":1,"minecraft:cobbled_deepslate":8,"minecraft:beef":9,"better_weaponry:emerald_shield":1,"better_weaponry:stone_broadsword":1,"minecraft:iron_nugget":4,"minecraft:light_gray_wool":5,"minecraft:sugar_cane":6,"minecraft:egg":2,"minecraft:furnace":2,"minecraft:stick":8,"mmorpg:material/mining/0":6,"minecraft:raw_iron":17,"divinerpg:terran_shards":2,"minecraft:torch":8,"minecraft:porkchop":4,"quark:deepslate_furnace":1,"divine_weaponry:wooden_sickle":1,"minecraft:stone_sword":1,"minecraft:arrow":4,"minecraft:rotten_flesh":4,"better_weaponry:wooden_shield":1,"minecraft:glow_berries":3,"alexsmobs:lobster_tail":7,"minecraft:white_wool":4,"minecraft:cobblestone":22,"minecraft:birch_log":4,"duneons:dungeonscharreddirt":5,"minecraft:cooked_beef":6,"minecraft:leather":5,"minecraft:tuff":2,"jeg:scrap":16,"minecraft:blue_bed":3,"minecraft:dirt":71,"minecraft:bone":6,"minecraft:bow":2,"minecraft:wheat_seeds":5,"minecraft:raw_gold":6,"minecraft:spore_blossom":2,"minecraft:iron_ingot":6,"weaponmaster:tutorialbook":1,"jeg:tech_trash":2,"minecraft:iron_sword":3,"minecraft:cooked_porkchop":5,"minecraft:sweet_berries":120,"minecraft:gravel":12,"minecraft:sand":25,"mmorpg:stat_soul":1,"mmorpg:rare_mats/mining/medium":2,"minecraft:spruce_sapling":3,"mmorpg:weapon/staff/wood":2,"minecraft:spruce_log":32,"alexsmobs:animal_dictionary":1,"travelersbackpack:light_gray_sleeping_bag":2,"mmorpg:rare_mats/mining/greater":1,"minecraft:diamond":3,"minecraft:iron_helmet":4,"minecraft:granite":4,"alexsmobs:maggot":1,"minecraft:coal":61},"minecraft:killed_by":{"minecraft:cave_spider":2,"duneons:wraith":1},"minecraft:mined":{"minecraft:tuff":1,"minecraft:deepslate_diamond_ore":1,"duneons:bigferncreeperwoods":7,"minecraft:grass_block":2,"duneons:highlandtallgrass":21,"duneons:highlandgrass":1,"minecraft:spruce_leaves":30,"duneons:peonydied":1,"duneons:biggrasscreeper":4,"minecraft:large_fern":45,"minecraft:spore_blossom":1,"minecraft:furnace":2,"minecraft:iron_ore":6,"minecraft:cave_vines":1,"minecraft:deepslate_iron_ore":11,"minecraft:stone":29,"jeg:scrap_ore":9,"minecraft:crafting_table":3,"minecraft:torch":6,"minecraft:copper_ore":1,"minecraft:tall_grass":1,"minecraft:deepslate_gold_ore":6,"minecraft:sugar_cane":2,"travelersbackpack:light_gray_sleeping_bag":2,"minecraft:blue_bed":3,"minecraft:wall_torch":3,"minecraft:purple_bed":1,"duneons:popflower":1,"duneons:highbigtallgrass":2,"minecraft:sweet_berry_bush":31,"minecraft:spruce_log":31,"duneons:creeperwoodstallgrass":31,"duneons:highlandfern":9,"quark:deepslate_furnace":1,"minecraft:grass":2,"minecraft:coal_ore":64,"duneons:sanctumstone":1,"minecraft:sand":25,"minecraft:dirt":9,"minecraft:gravel":1,"duneons:highlandberrybushempty":2,"duneons:dungeonscharreddirt":6,"minecraft:oak_leaves":1,"minecraft:deepslate":58,"minecraft:fern":3},"minecraft:used":{"minecraft:stone_sword":46,"minecraft:iron_sword":325,"minecraft:torch":55,"minecraft:dirt":33,"minecraft:lava_bucket":1,"quark:deepslate_furnace":1,"minecraft:iron_boots":1,"minecraft:beef":1,"minecraft:furnace":2,"better_weaponry:stone_broadsword":144,"minecraft:egg":2,"minecraft:cooked_beef":6,"minecraft:water_bucket":10,"minecraft:stone_pickaxe":62,"better_weaponry:copper_shovel":23,"minecraft:wooden_pickaxe":15,"minecraft:blue_bed":2,"minecraft:sand":2,"minecraft:crafting_table":4,"better_weaponry:copper_armor_chestplate":1,"minecraft:bread":2,"minecraft:iron_pickaxe":125,"travelersbackpack:light_gray_sleeping_bag":2,"minecraft:stone_axe":57,"minecraft:cooked_porkchop":2,"minecraft:bucket":12}},"DataVersion":3465}